Date;Open;Max;Min;Close
23.05.2018;223,11;224,07;221,00;221,00
24.05.2018;221,91;223,70;221,12;222,01
25.05.2018;222,51;223,48;219,00;220,00
28.05.2018;219,47;221,50;219,20;220,90
29.05.2018;220,50;222,13;217,10;219,00
30.05.2018;219,30;221,55;217,88;221,01
31.05.2018;221,98;224,35;220,00;222,36
01.06.2018;221,50;222,77;220,00;220,00
04.06.2018;221,13;222,67;218,57;220,00
05.06.2018;220,00;220,79;214,51;215,56
06.06.2018;216,00;218,19;214,65;217,90
07.06.2018;218,94;219,45;216,41;216,41
08.06.2018;216,00;217,00;210,25;210,95
13.06.2018;211,23;216,13;209,63;215,00
14.06.2018;214,82;217,49;213,60;214,00
15.06.2018;213,90;215,00;207,90;209,36
18.06.2018;209,00;211,20;205,01;206,30
19.06.2018;204,00;206,77;202,11;206,00
20.06.2018;207,00;212,37;207,00;212,20
21.06.2018;212,25;214,16;208,62;210,40
22.06.2018;211,62;215,00;209,62;214,43
25.06.2018;204,50;206,94;202,51;202,51
26.06.2018;203,64;205,00;199,60;199,91
27.06.2018;201,85;209,33;198,55;207,95
28.06.2018;207,85;210,63;207,01;208,50
29.06.2018;210,10;218,30;210,09;218,00
02.07.2018;217,01;222,83;216,00;221,01
03.07.2018;221,01;222,45;217,10;218,45
04.07.2018;218,23;219,56;216,61;217,70
05.07.2018;217,50;224,54;216,85;224,54
06.07.2018;225,01;227,59;221,61;226,71
09.07.2018;228,50;231,24;228,20;230,00
10.07.2018;230,95;232,25;228,00;230,30
11.07.2018;229,20;229,20;224,80;227,57
12.07.2018;226,76;228,45;225,10;226,60
13.07.2018;227,30;230,86;227,22;229,85
16.07.2018;230,10;231,00;226,42;227,99
17.07.2018;227,00;227,00;220,52;222,50
18.07.2018;222,00;224,00;215,64;216,28
19.07.2018;216,90;217,11;206,56;207,50
20.07.2018;207,77;210,95;201,10;204,34
23.07.2018;205,40;210,40;205,25;208,42
24.07.2018;209,00;215,45;208,92;215,45
25.07.2018;211,00;215,45;208,34;213,70
26.07.2018;215,70;216,51;209,11;210,00
27.07.2018;210,00;211,22;205,58;208,90
30.07.2018;207,77;212,49;206,56;211,33
31.07.2018;211,09;214,94;210,24;214,86
01.08.2018;213,50;215,20;210,57;210,60
02.08.2018;208,54;211,72;205,13;206,60
03.08.2018;206,49;206,55;202,00;202,21
06.08.2018;201,80;205,20;199,57;203,90
07.08.2018;205,19;207,95;201,55;201,79
08.08.2018;201,53;202,45;191,51;193,20
09.08.2018;189,99;195,90;182,06;195,90
10.08.2018;194,00;196,85;183,01;186,15
13.08.2018;182,05;193,39;180,15;190,00
14.08.2018;192,98;195,98;188,20;192,76
15.08.2018;192,35;194,00;186,53;187,98
16.08.2018;189,00;192,28;188,22;191,60
17.08.2018;191,83;192,43;188,59;189,55
20.08.2018;190,99;193,99;190,64;191,20
21.08.2018;192,00;192,34;189,55;191,80
22.08.2018;192,43;193,69;187,56;187,80
23.08.2018;188,44;189,06;178,55;178,71
24.08.2018;178,00;180,39;172,80;180,39
27.08.2018;181,47;183,83;180,52;183,27
28.08.2018;183,35;184,64;181,22;182,00
29.08.2018;182,77;183,85;181,31;183,50
30.08.2018;184,61;185,57;177,25;178,00
31.08.2018;177,61;182,00;175,61;182,00
03.09.2018;181,72;182,87;180,15;181,21
04.09.2018;182,00;182,49;177,71;179,50
05.09.2018;178,50;181,25;178,28;178,46
06.09.2018;177,25;180,18;175,00;175,00
07.09.2018;175,47;177,45;173,85;174,90
10.09.2018;175,03;175,97;169,85;171,21
11.09.2018;171,23;172,67;165,90;169,36
12.09.2018;170,20;175,19;169,40;173,90
13.09.2018;174,50;189,04;174,50;183,50
14.09.2018;185,00;189,00;182,53;188,71
17.09.2018;190,00;192,07;186,60;188,11
18.09.2018;188,30;192,69;186,51;191,65
19.09.2018;192,30;193,97;191,47;193,90
20.09.2018;194,30;197,73;191,16;191,16
21.09.2018;191,16;194,68;188,83;193,44
24.09.2018;194,60;199,06;194,29;198,75
25.09.2018;199,70;201,00;195,06;195,55
26.09.2018;195,52;197,40;193,59;195,79
27.09.2018;195,00;204,10;194,56;204,10
28.09.2018;204,93;205,67;200,10;203,32
01.10.2018;204,50;205,25;201,71;204,20
02.10.2018;205,16;205,98;198,62;199,50
03.10.2018;200,00;202,47;196,85;198,30
04.10.2018;197,91;198,19;189,25;189,35
05.10.2018;188,99;191,59;185,05;187,20
08.10.2018;187,00;193,60;182,51;191,85
09.10.2018;193,50;196,04;188,70;191,25
10.10.2018;192,00;195,12;188,81;189,89
11.10.2018;184,85;187,83;182,30;185,27
12.10.2018;187,80;192,16;187,61;191,85
15.10.2018;192,50;193,89;189,45;190,92
16.10.2018;190,02;196,20;189,00;196,05
17.10.2018;198,47;198,80;192,92;194,05
18.10.2018;193,50;194,20;190,80;191,00
19.10.2018;191,15;191,70;183,80;183,80
22.10.2018;184,86;187,72;180,03;180,70
23.10.2018;178,89;182,50;177,02;181,00
24.10.2018;182,50;189,25;180,50;188,01
25.10.2018;185,51;188,75;184,03;186,71
26.10.2018;185,77;185,85;178,27;181,00
29.10.2018;180,60;186,30;178,64;185,59
30.10.2018;183,88;186,82;181,74;184,78
31.10.2018;186,20;189,80;184,83;189,80
01.11.2018;189,50;191,36;186,70;188,67
02.11.2018;189,99;192,98;188,57;192,60
06.11.2018;194,50;197,85;193,73;197,80
07.11.2018;197,41;203,00;195,40;201,90
08.11.2018;201,98;204,70;200,10;202,89
09.11.2018;200,32;201,96;194,33;195,75
12.11.2018;197,97;201,85;196,40;196,82
13.11.2018;195,50;199,70;193,68;196,56
14.11.2018;195,21;199,56;193,18;199,20
15.11.2018;200,01;202,50;199,50;200,15
16.11.2018;201,12;203,50;198,71;199,26
19.11.2018;198,98;200,70;197,50;197,99
20.11.2018;197,30;197,80;191,81;194,21
21.11.2018;194,21;198,40;193,38;197,50
22.11.2018;198,00;200,01;195,92;199,40
23.11.2018;198,58;198,77;194,86;197,30
26.11.2018;197,50;197,79;185,53;188,50
27.11.2018;189,98;192,45;188,11;191,03
28.11.2018;191,60;193,27;189,45;190,20
29.11.2018;191,85;196,37;191,10;195,76
30.11.2018;194,00;194,25;191,22;194,00
03.12.2018;197,99;201,90;197,58;200,30
04.12.2018;200,30;200,70;196,93;199,00
05.12.2018;195,70;196,80;194,05;196,00
06.12.2018;194,00;194,23;190,11;192,19
07.12.2018;193,50;196,35;192,20;195,01
10.12.2018;192,75;193,92;190,39;191,80
11.12.2018;192,15;193,80;190,20;192,57
12.12.2018;193,30;193,90;190,45;190,45
13.12.2018;190,25;191,55;188,56;189,17
14.12.2018;188,50;189,10;183,73;184,93
17.12.2018;184,63;186,96;182,11;182,30
18.12.2018;180,59;186,60;180,37;186,60
19.12.2018;185,50;188,85;184,35;188,85
20.12.2018;186,00;191,82;185,31;189,30
21.12.2018;188,74;190,05;185,70;186,79
24.12.2018;186,10;187,26;183,51;184,30
25.12.2018;182,42;183,47;179,04;183,30
26.12.2018;183,90;185,50;182,35;183,40
27.12.2018;187,40;187,40;184,18;185,00
28.12.2018;185,78;187,22;184,98;186,50
29.12.2018;186,90;187,00;185,31;186,30
03.01.2019;186,37;191,50;186,00;186,99
04.01.2019;188,00;190,99;187,77;190,99
08.01.2019;191,65;193,18;190,37;191,24
09.01.2019;192,71;197,00;192,10;197,00
10.01.2019;196,25;197,64;195,03;196,75
11.01.2019;197,11;198,96;195,61;196,80
14.01.2019;195,70;197,44;194,00;196,80
15.01.2019;197,40;198,84;195,91;198,00
16.01.2019;198,64;201,30;198,02;201,26
17.01.2019;201,66;203,55;201,05;203,32
18.01.2019;204,60;208,44;203,83;208,44
21.01.2019;208,91;210,20;207,17;207,17
22.01.2019;206,66;208,88;205,63;207,95
23.01.2019;207,78;212,00;207,52;210,40
24.01.2019;210,40;213,43;208,55;212,20
25.01.2019;212,76;214,14;211,01;212,00
28.01.2019;212,00;213,30;207,63;209,70
29.01.2019;209,71;214,49;206,91;213,61
30.01.2019;213,80;215,70;212,22;213,14
31.01.2019;215,17;218,10;214,67;217,90
01.02.2019;218,00;218,70;215,01;216,29
04.02.2019;216,25;217,14;215,06;215,50
05.02.2019;216,00;218,55;214,61;217,85
06.02.2019;217,90;218,15;215,41;216,59
07.02.2019;216,00;216,65;210,60;211,01
08.02.2019;210,00;211,93;208,70;210,43
11.02.2019;211,00;214,72;210,80;214,00
12.02.2019;214,80;219,45;214,60;219,10
13.02.2019;219,62;220,70;213,10;213,90
14.02.2019;208,50;209,85;201,70;204,43
15.02.2019;205,92;209,00;205,52;208,00
18.02.2019;208,83;209,73;203,20;204,19
19.02.2019;203,60;205,60;201,10;202,08
20.02.2019;203,90;206,89;203,23;206,89
21.02.2019;207,55;207,87;202,30;203,41
22.02.2019;203,61;206,10;203,03;205,25
25.02.2019;205,50;208,60;204,20;205,86
26.02.2019;204,80;205,80;202,90;205,80
27.02.2019;206,05;206,90;203,90;205,40
28.02.2019;205,00;208,89;204,16;207,80
01.03.2019;208,48;209,00;206,10;206,54
04.03.2019;207,00;207,50;205,25;205,50
05.03.2019;204,90;204,90;202,25;202,92
06.03.2019;202,74;205,70;202,60;205,00
07.03.2019;205,10;206,67;203,50;203,95
11.03.2019;203,20;205,60;202,56;205,25
12.03.2019;206,50;206,89;204,40;205,10
13.03.2019;204,69;206,00;203,80;206,00
14.03.2019;205,60;206,38;203,50;203,66
15.03.2019;204,20;204,95;203,55;203,55
18.03.2019;204,25;206,14;204,11;205,90
19.03.2019;206,40;208,31;205,93;207,70
20.03.2019;207,60;209,84;206,40;209,80
21.03.2019;210,25;212,29;209,77;210,61
22.03.2019;210,61;211,29;206,70;207,70
25.03.2019;206,63;214,20;205,55;214,00
26.03.2019;214,70;218,46;213,13;218,00
27.03.2019;218,20;219,25;214,10;214,10
28.03.2019;214,15;215,95;213,72;215,07
29.03.2019;215,99;218,19;214,40;214,42
01.04.2019;215,05;218,11;215,01;217,70
02.04.2019;218,75;219,32;216,80;218,23
03.04.2019;220,10;224,16;218,88;219,05
04.04.2019;218,49;221,85;218,01;221,80
05.04.2019;222,60;227,70;222,03;227,50
08.04.2019;227,93;232,30;227,90;232,30
09.04.2019;233,50;238,90;232,39;238,00
10.04.2019;239,00;245,25;237,94;243,68
11.04.2019;244,40;247,23;238,86;238,86
12.04.2019;240,00;243,15;237,00;239,50
15.04.2019;240,35;242,30;237,06;237,80
16.04.2019;239,00;239,50;232,32;233,24
17.04.2019;234,50;235,75;232,00;234,30
18.04.2019;233,83;234,11;230,84;232,79
19.04.2019;233,49;233,50;231,90;232,60
22.04.2019;233,70;236,09;233,05;235,41
23.04.2019;236,00;237,56;234,16;235,67
24.04.2019;235,00;236,47;233,94;236,00
25.04.2019;235,68;236,00;227,80;227,80
26.04.2019;227,46;227,47;222,08;223,18
29.04.2019;223,70;229,09;223,05;228,80
30.04.2019;229,01;229,02;223,81;225,17
02.05.2019;226,00;229,84;225,85;229,10
03.05.2019;229,70;233,00;228,55;232,52
06.05.2019;228,75;232,80;227,00;232,80
07.05.2019;232,70;234,34;230,26;231,49
08.05.2019;231,03;232,50;229,50;230,00
10.05.2019;227,00;229,49;226,11;227,00
13.05.2019;226,51;228,67;224,15;224,22
14.05.2019;224,55;230,55;224,55;227,88
15.05.2019;228,92;230,96;224,43;228,69
16.05.2019;229,00;231,45;227,59;228,19
17.05.2019;227,00;228,24;226,00;226,94
20.05.2019;228,23;229,18;225,10;226,00
21.05.2019;227,02;232,71;226,04;232,71
22.05.2019;233,13;237,40;230,80;235,86
23.05.2019;234,50;235,37;228,57;229,30
24.05.2019;231,20;236,45;231,20;234,45
27.05.2019;235,28;237,00;233,83;236,00
28.05.2019;236,50;237,47;230,60;233,19
29.05.2019;232,10;234,30;230,25;233,40
30.05.2019;234,55;235,21;231,91;232,75
31.05.2019;230,56;234,10;229,21;233,24
03.06.2019;231,18;241,50;230,35;239,95
04.06.2019;239,88;240,25;234,80;236,00
05.06.2019;236,00;240,30;235,11;239,00
06.06.2019;238,87;246,34;238,53;244,89
07.06.2019;246,36;249,00;246,06;248,28
10.06.2019;249,55;250,65;245,20;249,00
11.06.2019;235,51;239,00;235,11;235,89
13.06.2019;236,55;241,07;232,55;240,49
14.06.2019;240,55;243,80;237,10;238,80
17.06.2019;239,00;240,87;237,50;237,80
18.06.2019;237,25;241,99;236,36;241,80
19.06.2019;242,95;242,95;238,70;240,40
20.06.2019;242,00;244,99;241,40;244,10
21.06.2019;243,00;243,90;237,56;238,02
24.06.2019;239,06;240,75;238,42;239,09
25.06.2019;238,98;239,20;234,20;236,70
26.06.2019;236,80;241,37;235,81;240,59
27.06.2019;240,42;242,44;238,30;240,50
28.06.2019;240,00;241,23;237,87;238,55
01.07.2019;240,98;243,90;240,21;242,98
02.07.2019;242,51;242,74;239,70;241,20
03.07.2019;241,00;243,70;240,17;241,51
04.07.2019;241,97;243,00;240,81;242,82
05.07.2019;242,91;243,50;241,61;242,83
08.07.2019;242,13;243,30;240,68;243,30
09.07.2019;243,00;243,70;241,87;242,74
10.07.2019;243,10;245,50;242,01;243,76
11.07.2019;244,50;244,97;240,17;241,30
12.07.2019;241,29;241,50;236,37;237,02
15.07.2019;237,90;238,59;234,23;235,27
16.07.2019;234,68;235,30;232,25;234,75
17.07.2019;234,32;238,04;233,50;234,63
18.07.2019;234,00;236,40;233,50;234,78
19.07.2019;236,34;237,93;232,32;232,85
22.07.2019;233,00;233,98;228,57;230,35
23.07.2019;230,50;232,83;228,52;232,48
24.07.2019;233,70;234,00;229,90;230,65
25.07.2019;230,00;234,65;229,02;232,90
26.07.2019;232,40;233,99;230,25;230,55
29.07.2019;230,75;233,74;230,18;232,80
30.07.2019;233,03;236,00;231,13;236,00
31.07.2019;237,50;237,55;233,11;233,49
01.08.2019;232,15;232,46;228,50;229,50
02.08.2019;224,91;226,88;220,30;220,81
05.08.2019;219,72;224,00;219,45;222,24
06.08.2019;222,82;226,88;222,30;226,01
07.08.2019;225,85;227,60;221,90;222,25
08.08.2019;224,60;225,90;223,18;223,93
09.08.2019;224,05;224,36;220,67;220,67
12.08.2019;222,38;222,99;219,74;222,30
13.08.2019;221,31;225,75;220,07;223,18
14.08.2019;224,10;224,25;216,60;217,11
15.08.2019;218,50;218,94;212,88;214,59
16.08.2019;215,90;216,75;213,91;215,05
19.08.2019;217,00;218,20;214,06;217,40
20.08.2019;217,75;219,23;215,53;216,00
21.08.2019;216,97;219,50;215,80;218,62
22.08.2019;218,21;220,40;217,35;219,50
23.08.2019;220,20;223,10;217,86;219,50
26.08.2019;217,50;219,64;216,53;218,50
27.08.2019;218,95;219,05;215,61;217,89
28.08.2019;218,07;219,08;217,18;218,30
29.08.2019;218,49;221,50;218,05;221,50
30.08.2019;221,94;225,20;221,21;224,20
02.09.2019;224,10;227,84;223,41;226,68
03.09.2019;225,95;226,25;222,05;224,00
04.09.2019;225,30;227,50;224,69;227,10
05.09.2019;229,50;230,93;228,36;230,79
06.09.2019;231,00;231,20;228,36;229,02
09.09.2019;229,88;230,87;227,61;229,00
10.09.2019;228,50;235,23;227,10;233,30
11.09.2019;233,49;235,90;232,62;234,72
12.09.2019;234,90;235,42;232,81;234,57
13.09.2019;234,12;235,00;231,91;233,00
16.09.2019;235,00;235,53;233,20;235,32
17.09.2019;235,22;237,20;233,99;235,89
18.09.2019;235,80;236,45;234,45;235,30
19.09.2019;234,86;235,49;233,12;234,98
20.09.2019;235,00;235,50;230,72;232,00
23.09.2019;231,70;232,17;229,05;229,70
24.09.2019;230,00;231,99;227,11;227,50
25.09.2019;226,50;228,30;225,30;228,09
26.09.2019;228,21;230,90;227,71;229,09
27.09.2019;229,20;229,96;228,05;228,05
30.09.2019;228,50;229,00;226,05;227,71
01.10.2019;227,55;229,56;226,49;226,49
02.10.2019;226,05;226,63;223,03;223,50
03.10.2019;223,60;225,64;222,61;224,08
04.10.2019;224,90;226,06;221,87;222,76
07.10.2019;223,13;227,80;222,41;227,55
08.10.2019;227,77;228,18;225,15;226,03
09.10.2019;226,03;229,00;225,52;227,70
10.10.2019;227,89;228,94;225,62;228,50
11.10.2019;229,50;231,20;228,97;230,31
14.10.2019;230,29;230,67;227,82;228,40
15.10.2019;228,78;229,88;227,00;229,40
16.10.2019;229,05;231,20;229,05;231,00
17.10.2019;230,70;233,50;230,52;233,50
18.10.2019;233,20;236,03;232,80;235,55
21.10.2019;236,00;236,88;234,04;234,94
22.10.2019;235,02;239,77;235,00;239,77
23.10.2019;239,20;240,18;237,76;239,57
24.10.2019;239,63;242,78;239,06;242,78
25.10.2019;242,52;242,77;237,85;240,00
28.10.2019;240,50;242,33;235,25;237,03
29.10.2019;237,10;240,20;236,00;240,11
30.10.2019;239,69;242,20;237,85;239,51
31.10.2019;240,70;242,00;234,01;234,89
01.11.2019;235,35;236,74;232,80;236,40
05.11.2019;239,60;240,98;236,70;238,53
06.11.2019;238,42;239,02;236,52;239,02
07.11.2019;238,11;242,95;237,71;242,50
08.11.2019;241,42;241,68;238,70;240,17
11.11.2019;239,00;242,40;238,31;241,50
12.11.2019;241,90;243,74;239,50;239,87
13.11.2019;238,91;239,57;235,81;237,21
14.11.2019;237,62;239,13;236,82;237,50
15.11.2019;237,90;240,18;236,45;240,00
18.11.2019;240,57;241,23;236,36;237,45
19.11.2019;237,60;239,82;237,20;239,25
20.11.2019;238,60;240,20;237,10;237,78
21.11.2019;237,44;238,00;235,80;237,15
22.11.2019;236,59;240,19;236,53;238,13
25.11.2019;238,68;239,75;237,21;237,98
26.11.2019;238,08;238,10;234,35;235,00
27.11.2019;235,26;236,45;233,51;234,22
28.11.2019;234,20;235,50;233,10;235,20
29.11.2019;234,65;235,14;231,97;233,98
02.12.2019;234,59;236,37;233,00;233,77
03.12.2019;233,49;234,06;230,13;230,66
04.12.2019;230,72;232,24;229,50;231,59
05.12.2019;231,89;232,15;229,03;231,71
06.12.2019;232,00;235,14;231,55;235,14
09.12.2019;235,50;237,50;234,30;237,04
10.12.2019;236,60;239,29;236,00;237,91
11.12.2019;237,81;241,23;237,70;240,32
12.12.2019;242,00;242,30;240,09;241,05
13.12.2019;242,00;243,25;241,10;241,21
16.12.2019;242,48;242,48;240,13;241,45
17.12.2019;241,80;242,96;241,00;241,60
18.12.2019;241,30;246,25;240,36;246,20
19.12.2019;246,20;248,40;243,10;244,00
20.12.2019;244,60;245,40;243,72;244,71
23.12.2019;244,71;249,19;244,07;248,80
24.12.2019;248,80;249,89;247,27;248,67
25.12.2019;248,99;249,30;247,11;248,04
26.12.2019;248,20;249,24;246,71;248,24
27.12.2019;248,55;252,95;248,55;252,06
30.12.2019;252,10;256,00;250,73;254,75
03.01.2020;255,99;258,19;253,70;255,00
06.01.2020;254,75;254,84;251,40;253,90
08.01.2020;253,57;259,15;253,03;259,15
09.01.2020;259,40;261,76;257,01;257,99
10.01.2020;257,86;259,25;256,88;258,19
13.01.2020;258,30;262,40;257,15;262,40
14.01.2020;262,50;263,22;258,62;259,05
15.01.2020;258,49;258,91;254,21;256,31
16.01.2020;257,11;259,51;256,10;257,51
17.01.2020;258,20;262,82;257,75;262,50
20.01.2020;263,20;266,97;261,80;266,28
21.01.2020;265,50;268,90;263,02;268,06
22.01.2020;268,72;270,80;265,50;266,54
23.01.2020;264,64;266,89;262,24;263,73
24.01.2020;264,50;267,50;264,21;265,49
27.01.2020;261,00;262,10;255,32;255,32
28.01.2020;257,00;258,84;254,10;257,70
29.01.2020;258,40;261,57;257,61;259,94
30.01.2020;258,00;258,69;255,27;257,31
31.01.2020;258,50;259,20;252,17;252,20
03.02.2020;251,80;254,96;251,10;253,99
04.02.2020;255,30;257,38;252,90;255,40
05.02.2020;255,89;257,66;253,14;255,20
06.02.2020;256,50;258,00;251,86;252,11
07.02.2020;253,10;254,30;248,73;254,30
10.02.2020;254,55;255,73;252,07;252,26
11.02.2020;253,75;259,77;253,00;254,50
12.02.2020;255,40;255,49;252,31;254,50
13.02.2020;253,62;255,18;252,50;253,89
14.02.2020;254,40;254,40;251,40;251,75
17.02.2020;252,50;253,10;250,13;251,36
18.02.2020;250,07;250,44;247,57;249,20
19.02.2020;250,37;250,68;247,95;249,70
20.02.2020;250,03;252,17;249,13;250,15
21.02.2020;248,35;251,49;247,24;250,80
25.02.2020;247,98;249,00;245,17;245,19
26.02.2020;244,75;251,21;243,22;250,80
27.02.2020;247,50;248,98;242,00;242,88
28.02.2020;235,00;239,00;231,00;233,36
02.03.2020;238,93;241,00;218,86;228,17
03.03.2020;233,00;239,00;232,28;236,63
04.03.2020;234,13;236,70;232,62;235,27
05.03.2020;237,00;238,72;230,64;232,33
06.03.2020;228,00;229,20;216,67;219,99
10.03.2020;197,99;212,74;184,86;201,20
11.03.2020;202,00;204,33;192,05;194,53
12.03.2020;185,15;187,87;173,14;175,91
13.03.2020;175,00;199,52;174,30;198,60
16.03.2020;194,00;196,70;186,00;195,85
17.03.2020;195,00;204,78;183,80;184,01
18.03.2020;179,00;182,20;172,15;174,27
19.03.2020;178,50;190,15;173,06;189,51
20.03.2020;198,62;201,86;192,05;195,69
23.03.2020;188,00;190,99;182,10;183,37
24.03.2020;193,30;195,00;189,10;192,64
25.03.2020;196,38;201,00;182,32;188,08
26.03.2020;187,69;191,20;182,80;188,07
27.03.2020;188,05;188,97;180,17;180,38
30.03.2020;177,00;183,20;174,90;183,00
31.03.2020;186,00;188,77;184,25;187,21
01.04.2020;183,20;185,47;182,00;184,78
02.04.2020;188,30;189,90;182,00;186,95
03.04.2020;186,60;187,49;184,28;185,64
06.04.2020;187,52;192,02;186,42;190,70
07.04.2020;193,02;200,54;193,02;197,63
08.04.2020;196,02;200,29;195,12;200,29
09.04.2020;202,40;205,44;199,30;203,61
10.04.2020;201,85;202,75;200,70;201,99
13.04.2020;202,00;202,16;197,32;198,26
14.04.2020;199,99;202,85;196,10;197,37
15.04.2020;196,00;196,25;186,06;186,07
16.04.2020;187,22;191,67;183,53;188,50
17.04.2020;192,50;192,70;188,28;191,80
20.04.2020;190,60;192,23;187,31;189,32
21.04.2020;185,54;187,50;183,65;186,05
22.04.2020;185,01;191,94;184,50;190,20
23.04.2020;191,99;192,50;188,68;190,94
24.04.2020;189,73;191,65;187,70;188,91
27.04.2020;189,98;190,50;188,43;188,90
28.04.2020;188,50;194,22;188,17;192,80
29.04.2020;194,46;195,80;192,86;195,80
30.04.2020;196,51;199,70;195,46;197,25
04.05.2020;195,68;195,68;193,26;193,69
05.05.2020;195,51;196,46;194,00;194,75
06.05.2020;195,00;197,23;194,30;195,70
07.05.2020;196,00;198,15;195,06;195,51
08.05.2020;196,00;196,25;194,60;196,02
12.05.2020;193,30;198,00;191,20;191,40
13.05.2020;190,05;190,60;186,66;187,31
14.05.2020;186,50;188,20;183,50;183,81
15.05.2020;186,13;186,78;183,33;183,85
18.05.2020;186,33;190,00;185,40;188,93
19.05.2020;190,37;192,55;186,80;189,00
20.05.2020;188,49;193,98;186,60;193,98
21.05.2020;194,00;196,31;191,50;192,40
22.05.2020;190,97;191,25;188,60;188,90
25.05.2020;189,62;191,31;188,80;191,00
26.05.2020;193,00;196,10;192,11;194,00
27.05.2020;194,00;198,97;193,32;198,51
28.05.2020;199,31;205,00;198,40;205,00
29.05.2020;204,11;204,40;199,17;200,50
01.06.2020;203,10;205,93;201,81;203,66
02.06.2020;204,67;212,00;204,00;212,00
03.06.2020;214,00;221,92;213,51;221,50
04.06.2020;220,67;221,00;212,55;213,10
05.06.2020;215,13;219,93;213,60;219,10
08.06.2020;219,80;223,15;217,45;220,30
09.06.2020;221,13;221,88;215,44;217,23
10.06.2020;217,00;217,58;211,82;212,53
11.06.2020;208,91;209,24;206,01;208,35
15.06.2020;205,07;207,85;202,30;207,32
16.06.2020;210,28;212,19;207,52;207,76
17.06.2020;208,52;210,35;206,94;208,14
18.06.2020;207,80;208,10;202,72;203,77
19.06.2020;205,44;209,20;204,55;207,00
22.06.2020;206,70;207,95;204,28;206,35
23.06.2020;207,70;209,74;206,43;207,27
25.06.2020;201,00;206,85;200,75;206,76
26.06.2020;206,97;207,50;201,76;203,01
29.06.2020;201,00;205,82;200,97;205,80
30.06.2020;205,70;206,00;202,36;203,33
02.07.2020;205,00;210,15;204,28;209,69
03.07.2020;210,00;211,97;209,00;210,85
06.07.2020;212,97;216,79;212,94;214,55
07.07.2020;213,00;214,23;210,71;210,80
08.07.2020;210,80;212,29;209,30;210,90
09.07.2020;210,70;211,70;208,10;209,13
10.07.2020;207,51;212,60;206,57;212,47
13.07.2020;213,87;214,20;208,11;208,31
14.07.2020;208,38;209,45;205,70;209,40
15.07.2020;210,29;211,80;207,65;211,01
16.07.2020;209,66;212,60;208,63;211,41
17.07.2020;211,69;212,18;209,86;210,85
20.07.2020;210,27;214,48;209,08;212,49
21.07.2020;215,00;219,10;214,38;216,07
22.07.2020;215,98;217,65;213,56;216,80
23.07.2020;217,50;219,28;215,00;216,71
24.07.2020;214,80;217,41;197,73;216,86
27.07.2020;216,70;218,38;215,15;216,90
28.07.2020;216,81;217,42;215,25;215,59
29.07.2020;215,89;219,00;215,63;218,98
30.07.2020;218,71;218,88;215,34;218,19
31.07.2020;218,19;221,98;217,43;221,53
03.08.2020;222,27;228,36;221,30;226,81
04.08.2020;227,39;228,85;225,63;227,10
05.08.2020;228,15;229,17;224,31;226,24
06.08.2020;226,75;227,43;224,35;226,02
07.08.2020;225,00;227,60;224,46;227,23
10.08.2020;227,96;228,70;224,51;225,70
11.08.2020;226,43;234,73;226,21;232,71
12.08.2020;233,12;242,34;233,03;242,33
13.08.2020;242,20;244,04;238,57;241,45
14.08.2020;242,00;242,22;238,47;240,03
17.08.2020;240,80;242,35;234,50;237,90
18.08.2020;236,88;239,83;235,69;236,34
19.08.2020;235,85;240,75;235,19;239,37
20.08.2020;238,44;238,51;230,33;232,60
21.08.2020;233,30;236,50;227,35;231,46
24.08.2020;232,50;233,70;230,20;231,70
25.08.2020;232,30;232,97;226,90;227,83
26.08.2020;228,30;229,40;224,70;227,90
27.08.2020;227,87;229,98;225,60;226,10
28.08.2020;227,00;228,10;225,19;226,37
29.08.2020;227,00;228,10;225,19;226,30
30.08.2020;227,00;228,10;225,19;226,30
31.08.2020;227,00;229,71;225,00;226,08
01.09.2020;226,70;227,97;226,01;227,62
02.09.2020;228,56;228,75;220,85;222,66
03.09.2020;221,67;224,23;218,00;218,45
04.09.2020;218,00;222,50;216,75;222,23
05.09.2020;218,00;222,50;216,75;222,21
06.09.2020;218,00;222,50;216,75;222,21
07.09.2020;221,50;224,20;220,50;221,46
08.09.2020;222,00;222,48;216,29;217,72
09.09.2020;217,01;218,88;216,80;218,02
10.09.2020;218,24;222,15;215,79;220,58
11.09.2020;221,46;223,15;219,75;221,04
12.09.2020;221,46;223,15;219,75;221,07
13.09.2020;221,46;223,15;219,75;221,07
14.09.2020;222,31;227,54;222,13;227,40
15.09.2020;228,22;231,95;227,39;231,35
16.09.2020;231,72;232,60;230,15;231,14
17.09.2020;229,10;231,75;228,57;231,43
18.09.2020;232,00;232,59;229,00;230,05
19.09.2020;232,00;232,59;229,00;230,30
20.09.2020;232,00;232,59;229,00;230,30
21.09.2020;229,88;230,07;223,49;226,39
22.09.2020;229,88;230,07;223,49;226,25
23.09.2020;230,02;232,10;227,61;228,39
24.09.2020;227,63;231,10;225,75;228,16
25.09.2020;229,00;229,30;226,25;228,27
26.09.2020;229,00;229,30;226,25;228,24
27.09.2020;229,00;229,30;226,25;228,24
28.09.2020;228,79;229,55;227,35;228,60
29.09.2020;228,88;228,88;223,10;225,53
30.09.2020;224,50;230,75;223,25;228,73
01.10.2020;229,08;229,90;226,86;226,90
02.10.2020;210,40;211,39;206,50;208,95
03.10.2020;210,40;211,39;206,50;208,80
04.10.2020;210,40;211,39;206,50;208,80
05.10.2020;209,65;210,69;207,72;208,95
06.10.2020;209,00;212,99;208,35;211,05
07.10.2020;211,30;212,66;209,03;210,52
08.10.2020;211,20;211,43;207,26;208,00
09.10.2020;208,47;208,96;204,40;205,01
10.10.2020;208,47;208,96;204,40;205,38
11.10.2020;208,47;208,96;204,40;205,38
12.10.2020;205,97;208,49;204,57;206,19
13.10.2020;205,92;207,64;204,77;205,26
14.10.2020;205,06;208,00;204,78;207,76
15.10.2020;207,46;207,57;201,95;203,77
16.10.2020;204,02;204,25;200,50;201,24
17.10.2020;204,02;204,25;200,50;201,17
18.10.2020;204,02;204,25;200,50;201,17
19.10.2020;201,55;204,00;201,55;202,72
20.10.2020;203,00;209,76;202,50;209,38
21.10.2020;210,04;213,25;208,90;210,25
22.10.2020;209,58;211,53;207,84;210,13
23.10.2020;210,00;214,73;209,15;214,45
24.10.2020;210,00;214,73;209,15;214,50
25.10.2020;210,00;214,73;209,15;214,50
26.10.2020;213,40;214,45;210,50;211,10
27.10.2020;211,50;212,29;206,66;207,85
28.10.2020;206,94;206,94;202,30;204,88
29.10.2020;206,50;207,33;203,64;205,72
30.10.2020;203,62;204,84;200,61;201,00
31.10.2020;203,62;204,84;200,61;200,99
01.11.2020;203,62;204,84;200,61;200,99
02.11.2020;200,45;204,59;196,15;204,25
03.11.2020;205,70;211,11;203,80;209,05
04.11.2020;205,70;211,11;203,80;209,20
05.11.2020;214,40;218,65;211,43;216,84
06.11.2020;215,80;218,29;213,00;217,40
07.11.2020;215,80;218,29;213,00;217,50
09.11.2020;220,00;231,30;218,70;228,04
10.11.2020;227,00;237,60;226,27;236,00
11.11.2020;237,00;245,98;236,89;243,83
12.11.2020;243,31;245,72;240,22;242,08
13.11.2020;242,01;244,14;238,62;242,61
14.11.2020;242,01;244,14;238,62;242,99
15.11.2020;242,01;244,14;238,62;242,99
16.11.2020;244,14;248,73;244,00;247,95
17.11.2020;248,00;249,84;243,41;246,09
18.11.2020;245,10;247,23;243,00;243,01
19.11.2020;242,50;243,49;237,34;239,95
20.11.2020;239,58;240,77;236,57;239,42
21.11.2020;239,58;240,77;236,57;239,42
22.11.2020;239,58;240,77;236,57;239,42
23.11.2020;240,45;243,87;238,52;239,72
24.11.2020;241,65;247,85;239,57;247,36
25.11.2020;248,00;252,20;246,55;251,62
26.11.2020;252,30;252,88;247,44;250,39
27.11.2020;250,30;252,26;248,03;251,50
28.11.2020;250,30;252,26;248,03;251,59
29.11.2020;250,30;252,26;248,03;251,59
30.11.2020;249,72;251,00;245,98;250,00
01.12.2020;250,75;260,99;249,80;260,69
02.12.2020;260,05;264,99;258,80;264,14
03.12.2020;264,50;264,63;260,85;263,46
04.12.2020;264,63;270,84;264,50;269,89
05.12.2020;264,63;270,84;264,50;270,00
07.12.2020;269,00;276,13;268,10;274,60
08.12.2020;274,50;276,66;271,52;275,27
09.12.2020;276,40;279,42;275,87;276,31
10.12.2020;276,55;282,15;275,20;281,90
11.12.2020;282,50;284,60;279,78;283,70
12.12.2020;282,50;284,60;279,78;283,73
13.12.2020;282,50;284,60;279,78;283,73
14.12.2020;285,01;287,74;277,10;280,01
15.12.2020;278,53;283,76;276,07;278,44
16.12.2020;278,00;280,84;276,14;278,30
17.12.2020;279,81;285,16;276,54;278,61
18.12.2020;277,22;277,40;268,52;270,21
19.12.2020;277,22;277,40;268,52;270,16
20.12.2020;277,22;277,40;268,52;270,16
21.12.2020;266,20;267,34;259,70;261,55
22.12.2020;259,55;267,42;257,05;262,05
23.12.2020;262,25;270,29;260,22;270,01
24.12.2020;271,98;272,82;267,13;269,68
25.12.2020;269,97;271,00;268,28;270,50
26.12.2020;269,97;271,00;268,28;270,64
27.12.2020;269,97;271,00;268,28;270,64
28.12.2020;270,90;275,19;269,73;274,60
29.12.2020;270,90;275,19;269,73;274,70
30.12.2020;272,49;274,24;270,12;271,32
31.12.2020;272,49;274,24;270,12;271,65
05.01.2021;272,69;275,70;270,28;275,55
06.01.2021;275,94;275,94;271,62;273,10
07.01.2021;275,94;275,94;271,62;272,93
08.01.2021;275,11;283,99;275,11;283,40
09.01.2021;275,11;283,99;275,11;283,64
10.01.2021;275,11;283,99;275,11;283,64
11.01.2021;282,86;292,95;279,48;289,39
12.01.2021;290,88;296,07;286,70;289,88
13.01.2021;291,01;292,46;283,10;284,40
14.01.2021;284,00;286,90;279,06;284,90
15.01.2021;282,55;286,16;276,00;276,94
16.01.2021;282,55;286,16;276,00;276,90
17.01.2021;282,55;286,16;276,00;276,90
18.01.2021;275,72;281,30;272,95;279,80
19.01.2021;280,98;282,80;276,42;278,04
20.01.2021;278,62;282,49;276,77;279,89
21.01.2021;280,75;281,54;272,84;274,65
22.01.2021;273,00;273,30;266,78;268,39
23.01.2021;273,00;273,30;266,78;268,25
24.01.2021;273,00;273,30;266,78;268,25
25.01.2021;271,00;273,63;261,65;265,33
26.01.2021;262,70;269,57;262,61;269,33
27.01.2021;270,07;273,80;265,02;265,50
28.01.2021;263,50;267,17;261,17;266,13
29.01.2021;263,77;264,75;257,36;258,60
30.01.2021;263,77;264,75;257,36;258,11
31.01.2021;263,77;264,75;257,36;258,11
01.02.2021;260,00;264,06;258,73;263,96
02.02.2021;265,00;268,39;263,42;263,58
03.02.2021;264,32;268,14;261,05;263,28
04.02.2021;263,21;270,41;262,34;270,11
05.02.2021;271,99;272,57;268,87;271,70
06.02.2021;271,99;272,57;268,87;271,70
07.02.2021;271,99;272,57;268,87;271,70
08.02.2021;273,01;275,58;272,32;275,20
09.02.2021;275,99;276,29;267,19;268,79
10.02.2021;269,28;270,99;265,20;266,01
11.02.2021;265,50;266,90;263,75;264,84
12.02.2021;264,00;266,44;258,55;265,68
13.02.2021;264,00;266,44;258,55;266,00
14.02.2021;264,00;266,44;258,55;266,00
15.02.2021;268,49;271,70;267,07;271,67
16.02.2021;272,30;272,80;268,27;271,10
17.02.2021;270,99;275,07;267,56;271,10
18.02.2021;270,35;272,46;266,21;267,17
19.02.2021;266,12;272,81;264,19;271,20
20.02.2021;266,12;272,81;264,19;271,34
22.02.2021;270,10;274,46;268,12;273,60
23.02.2021;270,10;274,46;268,12;273,71
24.02.2021;272,12;272,75;269,42;271,71
25.02.2021;273,60;276,48;270,77;270,89
26.02.2021;268,00;272,49;266,43;270,20
27.02.2021;268,00;272,49;266,43;270,17
01.03.2021;273,00;274,73;271,13;273,50
02.03.2021;271,89;280,00;271,60;279,05
03.03.2021;281,70;283,83;277,63;278,00
04.03.2021;278,50;281,96;273,63;274,76
05.03.2021;276,00;278,98;272,76;277,50
06.03.2021;276,00;278,98;272,76;277,50
07.03.2021;276,00;278,98;272,76;277,50
09.03.2021;278,80;286,38;277,56;285,82
10.03.2021;285,24;288,00;281,00;282,50
11.03.2021;283,84;286,38;282,30;286,05
12.03.2021;286,30;287,49;282,82;284,92
13.03.2021;286,30;287,49;282,82;284,93
14.03.2021;286,30;287,49;282,82;284,93
15.03.2021;286,05;292,92;285,28;292,78
16.03.2021;293,06;293,88;288,61;292,22
17.03.2021;292,35;293,25;279,60;283,08
18.03.2021;284,04;285,79;278,24;278,75
19.03.2021;279,00;286,31;278,03;285,36
20.03.2021;279,00;286,31;278,03;285,47
21.03.2021;279,00;286,31;278,03;285,47
22.03.2021;285,00;291,20;283,08;288,47
23.03.2021;287,56;288,30;282,11;282,81
24.03.2021;283,40;288,00;282,25;285,73
25.03.2021;286,50;287,03;283,85;286,46
26.03.2021;288,63;292,75;288,32;291,18
27.03.2021;288,63;292,75;288,32;291,22
28.03.2021;288,63;292,75;288,32;291,22
29.03.2021;289,72;294,09;289,26;293,25
30.03.2021;294,86;295,72;291,50;293,59
31.03.2021;294,00;294,42;290,26;291,05
01.04.2021;292,00;294,72;288,43;290,23
02.04.2021;290,81;292,40;289,14;291,50
03.04.2021;290,81;292,40;289,14;291,70
04.04.2021;290,81;292,40;289,14;291,70
05.04.2021;290,80;291,48;287,07;288,85
06.04.2021;289,00;289,43;281,37;281,69
07.04.2021;281,68;284,29;278,54;284,15
08.04.2021;284,88;286,20;282,17;283,89
09.04.2021;283,47;283,79;280,09;281,10
10.04.2021;283,47;283,79;280,09;281,07
11.04.2021;283,47;283,79;280,09;281,07
12.04.2021;278,20;285,35;278,00;281,78
13.04.2021;282,93;288,20;281,14;287,89
14.04.2021;290,00;291,58;286,72;287,20
15.04.2021;281,50;285,19;280,87;283,72
16.04.2021;285,71;289,30;284,08;288,40
17.04.2021;285,71;289,30;284,08;288,50
18.04.2021;285,71;289,30;284,08;288,50
19.04.2021;287,86;289,25;286,04;287,81
20.04.2021;288,90;290,92;286,59;287,44
21.04.2021;288,01;290,20;287,06;289,41
22.04.2021;289,04;294,67;286,93;292,01
23.04.2021;293,10;294,20;290,78;293,20
24.04.2021;293,10;294,20;290,78;293,19
25.04.2021;293,10;294,20;290,78;293,19
26.04.2021;294,30;296,48;293,10;295,13
27.04.2021;295,74;300,25;295,61;298,43
28.04.2021;299,00;299,26;295,89;298,42
29.04.2021;301,00;301,84;294,79;297,48
30.04.2021;296,92;298,10;295,03;297,76
01.05.2021;296,92;298,10;295,03;297,73
02.05.2021;296,92;298,10;295,03;297,73
04.05.2021;298,70;304,23;298,20;303,60
05.05.2021;304,01;306,03;302,71;305,90
06.05.2021;306,29;314,98;306,25;314,79
07.05.2021;316,00;319,16;315,48;317,71
08.05.2021;316,00;319,16;315,48;317,94
11.05.2021;303,00;309,48;301,00;307,19
12.05.2021;307,39;309,24;302,00;302,05
13.05.2021;302,11;306,86;299,33;306,62
14.05.2021;308,20;308,24;302,33;304,33
15.05.2021;308,20;308,24;302,33;304,10
16.05.2021;308,20;308,24;302,33;304,10
17.05.2021;303,50;305,24;301,01;303,90
18.05.2021;305,01;306,62;303,33;305,68
19.05.2021;304,38;304,88;295,10;297,30
20.05.2021;297,94;298,37;293,00;296,96
21.05.2021;297,94;298,37;293,00;296,72
23.05.2021;296,85;302,98;294,90;301,23
